title,image,year,rating,link
Выбор короля,https://gidonline.io//img/2745b1cd3_200x300.jpg,2016,"2 votes, average: 8.00 out of 10",https://gidonline.io/title/vybor-korolya/
Смерть в Венеции,https://gidonline.io//img/29c16407f_200x300.jpg,1971,"2 votes, average: 8.00 out of 10",https://gidonline.io/title/smert-v-venecii/
Лошадь Чарли,https://gidonline.io//img/05481f0d9_200x300.jpg,2022,"3 votes, average: 5.00 out of 10",https://gidonline.io/title/loshad-charli/
Избавление,https://gidonline.io//img/40e5ac2ce_200x300.jpg,1972,"4 votes, average: 7.50 out of 10",https://gidonline.io/title/izbavlenie/
Шпик,https://gidonline.io//img/f7166d74b_200x300.jpg,1972,"3 votes, average: 7.33 out of 10",https://gidonline.io/title/shpik/
"Зомби-апокалипсис и список из 100 дел, что я выполню перед смертью",https://gidonline.io//img/ee31d4b5a_200x300.jpg,2023,"9 votes, average: 4.11 out of 10",https://gidonline.io/title/zombi-apokalipsis-i-spisok-iz-100-del-chto-ya-vypolnyu-pered-smertyu/
Три разбойника и лев,https://gidonline.io//img/beac81bac_200x300.jpg,2022,"6 votes, average: 5.17 out of 10",https://gidonline.io/title/tri-razbojnika-i-lev/
Сериал: Потерянные цветы Элис Харт,https://gidonline.io//img/dc2538663_200x300.jpg,2023,"5 votes, average: 6.60 out of 10",https://gidonline.io/title/poteryannye-cvety-elis-xart/
Безумная поездочка,https://gidonline.io//img/02d83f790_200x300.jpg,2023,"14 votes, average: 7.14 out of 10",https://gidonline.io/title/bezumnaya-poezdochka/
Назад к динозаврам,https://gidonline.io//img/f9eba1cad_200x300.jpg,2022,"11 votes, average: 5.00 out of 10",https://gidonline.io/title/nazad-k-dinozavram/
Схватка с дьяволом,https://gidonline.io//img/c3ce0a713_200x300.jpg,2023,"27 votes, average: 7.04 out of 10",https://gidonline.io/title/sxvatka-s-dyavolom/
Со мной непросто,https://gidonline.io//img/a56429484_200x300.jpg,2018,"7 votes, average: 4.14 out of 10",https://gidonline.io/title/so-mnoj-neprosto/
Трио в перьях 2,https://gidonline.io//img/97b93d0f8_200x300.jpg,2023,"7 votes, average: 4.71 out of 10",https://gidonline.io/title/trio-v-peryax-2/
Скромное обаяние буржуазии,https://gidonline.io//img/2948695a9_200x300.jpg,1972,"8 votes, average: 5.75 out of 10",https://gidonline.io/title/skromnoe-obayanie-burzhuazii/
"Сыграй это еще раз, Сэм!",https://gidonline.io//img/34fbb4516_200x300.jpg,1972,"4 votes, average: 6.50 out of 10",https://gidonline.io/title/sygraj-eto-eshhe-raz-sem/
Малышка на драйве,https://gidonline.io//img/5976ff94b_200x300.jpg,2022,"22 votes, average: 8.00 out of 10",https://gidonline.io/title/malyshka-na-drajve/
Посредник,https://gidonline.io//img/14c0bb9de_200x300.jpg,1971,"3 votes, average: 5.33 out of 10",https://gidonline.io/title/posrednik-5/
МакКейб и миссис Миллер,https://gidonline.io//img/b1840bfb8_200x300.jpg,1971,"3 votes, average: 5.33 out of 10",https://gidonline.io/title/makkejb-i-missis-miller/
Счастье для начинающих,https://gidonline.io//img/3b79a13ad_200x300.jpg,2023,"12 votes, average: 5.75 out of 10",https://gidonline.io/title/schaste-dlya-nachinayushhix/
Рай земной,https://gidonline.io//img/811bf925c_200x300.jpg,2023,"44 votes, average: 8.39 out of 10",https://gidonline.io/title/raj-zemnoj/
Живопись,https://gidonline.io//img/cf8bcec6a_200x300.jpg,2023,"14 votes, average: 7.07 out of 10",https://gidonline.io/title/zhivopis/
Плюшевый пузырь,https://gidonline.io//img/89a29f3f1_200x300.jpg,2023,"10 votes, average: 7.90 out of 10",https://gidonline.io/title/plyushevyj-puzyr/
Леди Баг и Супер-Кот: Пробуждение силы,https://gidonline.io//img/2e2c9293c_200x300.jpg,2023,"18 votes, average: 7.11 out of 10",https://gidonline.io/title/ledi-bag-i-super-kot-probuzhdenie-sily/
Две англичанки и континент,https://gidonline.io//img/2a4a4f89d_200x300.jpg,1971,"3 votes, average: 5.00 out of 10",https://gidonline.io/title/dve-anglichanki-i-kontinent/
"Улица, где мы живем",https://gidonline.io//img/8666edd96_200x300.jpg,2017,"3 votes, average: 4.67 out of 10",https://gidonline.io/title/ulica-gde-my-zhivem/
(Не)идеальные роботы,https://gidonline.io//img/44c4a8980_200x300.jpg,2023,"14 votes, average: 6.14 out of 10",https://gidonline.io/title/neidealnye-roboty/
"Любовь, свадьбы и прочие катастрофы",https://gidonline.io//img/13ac740ac_200x300.jpg,2020,"7 votes, average: 4.57 out of 10",https://gidonline.io/title/lyubov-svadby-i-prochie-katastrofy/
Лига Справедливости: Мир войны,https://gidonline.io//img/d50e15749_200x300.jpg,2023,"16 votes, average: 5.13 out of 10",https://gidonline.io/title/liga-spravedlivosti-mir-vojny/
Видоизменённый углерод: Восстановленный,https://gidonline.io//img/2ee6f92c0_200x300.jpg,2020,"10 votes, average: 7.10 out of 10",https://gidonline.io/title/vidoizmenyonnyj-uglerod-vosstanovlennyj/
Сериал: Скрежет металла,https://gidonline.io//img/671d80676_200x300.jpg,2023,"49 votes, average: 7.47 out of 10",https://gidonline.io/title/skrezhet-metalla/
Скрипач на крыше,https://gidonline.io//img/2fb96030a_200x300.jpg,1971,"3 votes, average: 5.67 out of 10",https://gidonline.io/title/skripach-na-kryshe/
Кровь за кровь,https://gidonline.io//img/81cd870e2_200x300.jpg,2023,"35 votes, average: 7.80 out of 10",https://gidonline.io/title/krov-za-krov-2/
Хребет дьявола,https://gidonline.io//img/ce9f2c57d_200x300.jpg,2021,"16 votes, average: 4.88 out of 10",https://gidonline.io/title/xrebet-dyavola-2/
Бывшие,https://gidonline.io//img/8ebf4d37c_200x300.jpg,2017,"6 votes, average: 4.67 out of 10",https://gidonline.io/title/byvshie-2/
А теперь нечто совсем иное,https://gidonline.io//img/642f9f9f7_200x300.jpg,1971,"5 votes, average: 7.40 out of 10",https://gidonline.io/title/a-teper-nechto-sovsem-inoe/
Обитель зла: Остров смерти,https://gidonline.io//img/9f3753351_200x300.jpg,2023,"40 votes, average: 7.00 out of 10",https://gidonline.io/title/obitel-zla-ostrov-smerti/
Тин и Тина,https://gidonline.io//img/3e00d4356_200x300.jpg,2023,"17 votes, average: 5.47 out of 10",https://gidonline.io/title/tin-i-tina/
Игра в иллюзию,https://gidonline.io//img/0affe434a_200x300.jpg,2022,"14 votes, average: 5.29 out of 10",https://gidonline.io/title/igra-v-illyuziyu/
Сериал: Спецназ: Львица,https://gidonline.io//img/418b42c2d_200x300.jpg,2023,"21 votes, average: 8.05 out of 10",https://gidonline.io/title/specnaz-lvica/
За пригоршню динамита,https://gidonline.io//img/9aebd16c7_200x300.jpg,1971,"5 votes, average: 3.80 out of 10",https://gidonline.io/title/za-prigorshnyu-dinamita/
Соседей не выбирают,https://gidonline.io//img/d30562521_200x300.jpg,2022,"13 votes, average: 3.69 out of 10",https://gidonline.io/title/sosedej-ne-vybirayut/
Лимб,https://gidonline.io//img/5d818be83_200x300.jpg,2023,"11 votes, average: 6.18 out of 10",https://gidonline.io/title/limb-2/
Они клонировали Тайрона,https://gidonline.io//img/91c44a86e_200x300.jpg,2023,"24 votes, average: 7.04 out of 10",https://gidonline.io/title/oni-klonirovali-tajrona/
Канал,https://gidonline.io//img/2b8232571_200x300.jpg,2023,"28 votes, average: 7.04 out of 10",https://gidonline.io/title/kanal-2/
Некто Энди,https://gidonline.io//img/5e465810c_200x300.jpg,2023,"6 votes, average: 5.83 out of 10",https://gidonline.io/title/nekto-endi/
Отрыв,https://gidonline.io//img/d4b49b1fb_200x300.jpg,1971,"8 votes, average: 4.75 out of 10",https://gidonline.io/title/otryv/
Яростный волк,https://gidonline.io//img/002e06aa5_200x300.jpg,2023,"12 votes, average: 5.92 out of 10",https://gidonline.io/title/yarostnyj-volk/
Моё преступление,https://gidonline.io//img/63d1c83ef_200x300.jpg,2023,"12 votes, average: 6.08 out of 10",https://gidonline.io/title/moyo-prestuplenie/
Город мошенников,https://gidonline.io//img/8d4bf2183_200x300.jpg,2020,"21 votes, average: 6.86 out of 10",https://gidonline.io/title/gorod-moshennikov/
Сериал: Правосудие: Первобытный город,https://gidonline.io//img/b7040755a_200x300.jpg,2023,"7 votes, average: 5.57 out of 10",https://gidonline.io/title/pravosudie-pervobytnyj-gorod/
Звонок из прошлого,https://gidonline.io//img/3bd230aa7_200x300.jpg,2020,"25 votes, average: 7.92 out of 10",https://gidonline.io/title/zvonok-iz-proshlogo/
Йоганутые,https://gidonline.io//img/51d9d30cb_200x300.jpg,2015,"11 votes, average: 4.27 out of 10",https://gidonline.io/title/joganutye/
"Риллингтон Плейс, дом 10",https://gidonline.io//img/090102487_200x300.jpg,1970,"4 votes, average: 4.00 out of 10",https://gidonline.io/title/rillington-plejs-dom-10/
Украденные поцелуи,https://gidonline.io//img/adc7a2e25_200x300.jpg,1968,"4 votes, average: 4.25 out of 10",https://gidonline.io/title/ukradennye-pocelui/
Боевой конь,https://gidonline.io//img/87200c246_200x300.jpg,2023,"36 votes, average: 6.78 out of 10",https://gidonline.io/title/boevoj-kon-2/
Сериал: Мои приключения с Суперменом,https://gidonline.io//img/cbc0be37c_200x300.jpg,2023,"17 votes, average: 4.35 out of 10",https://gidonline.io/title/moi-priklyucheniya-s-supermenom/
Золотой слиток,https://gidonline.io//img/9e2a3eb68_200x300.jpg,2023,"30 votes, average: 7.73 out of 10",https://gidonline.io/title/zolotoj-slitok/
Комната чудес,https://gidonline.io//img/4284a42cb_200x300.jpg,2023,"40 votes, average: 8.80 out of 10",https://gidonline.io/title/komnata-chudes/
Девушка из хижины,https://gidonline.io//img/c27e537f2_200x300.jpg,2023,"23 votes, average: 5.43 out of 10",https://gidonline.io/title/devushka-iz-xizhiny/
Птичий короб: Барселона,https://gidonline.io//img/caa06555c_200x300.jpg,2023,"47 votes, average: 6.87 out of 10",https://gidonline.io/title/ptichij-korob-barselona/
Он — это пуля,https://gidonline.io//img/060ec988f_200x300.jpg,2023,"36 votes, average: 7.11 out of 10",https://gidonline.io/title/on-eto-pulya/
Точка отсчета,https://gidonline.io//img/19c48ca0e_200x300.jpg,2020,"18 votes, average: 7.56 out of 10",https://gidonline.io/title/tochka-otscheta/
Мармадюк,https://gidonline.io//img/701131272_200x300.jpg,2022,"12 votes, average: 5.25 out of 10",https://gidonline.io/title/marmadyuk-2/
Сериал: Вспыш и чудо-машинки,https://gidonline.io//img/c58c6fdca_200x300.jpg,2014,"6 votes, average: 6.00 out of 10",https://gidonline.io/title/vspysh-i-chudo-mashinki/
Затухающий огонек,https://gidonline.io//img/5d683456e_200x300.jpg,1963,"7 votes, average: 8.14 out of 10",https://gidonline.io/title/zatuxayushhij-ogonek/
Атлантик-Сити,https://gidonline.io//img/084b47d71_200x300.jpg,1980,"5 votes, average: 6.00 out of 10",https://gidonline.io/title/atlantik-siti/
Трансформеры: Восхождение Звероботов,https://gidonline.io//img/cab32b763_200x300.jpg,2023,"290 votes, average: 7.08 out of 10",https://gidonline.io/title/transformery-vosxozhdenie-zverobotov/
Город астероидов,https://gidonline.io//img/2ec5d6c10_200x300.jpg,2023,"36 votes, average: 6.28 out of 10",https://gidonline.io/title/gorod-asteroidov/
Шумахер,https://gidonline.io//img/4fba6a5f8_200x300.jpg,2021,"24 votes, average: 8.79 out of 10",https://gidonline.io/title/shumaxer/
Шум в сердце,https://gidonline.io//img/f013a5436_200x300.jpg,1971,"4 votes, average: 4.75 out of 10",https://gidonline.io/title/shum-v-serdce/
Водопад,https://gidonline.io//img/797e09357_200x300.jpg,2023,"19 votes, average: 4.74 out of 10",https://gidonline.io/title/vodopad/
Сериал: Вечеринка,https://gidonline.io//img/947ab6a25_200x300.jpg,2022,"7 votes, average: 7.29 out of 10",https://gidonline.io/title/vecherinka-2/
Итальянские каникулы,https://gidonline.io//img/1de0a96ec_200x300.jpg,2020,"11 votes, average: 5.91 out of 10",https://gidonline.io/title/italyanskie-kanikuly/
Водоворот лжи,https://gidonline.io//img/fa29d090c_200x300.jpg,2021,"12 votes, average: 5.17 out of 10",https://gidonline.io/title/vodovorot-lzhi/
Дочь заключённого,https://gidonline.io//img/c71cc9872_200x300.jpg,2022,"45 votes, average: 8.80 out of 10",https://gidonline.io/title/doch-zaklyuchyonnogo/
Децибел,https://gidonline.io//img/478cf7cd1_200x300.jpg,2022,"35 votes, average: 8.37 out of 10",https://gidonline.io/title/decibel/
Родители в законе,https://gidonline.io//img/8d944b1dc_200x300.jpg,2023,"55 votes, average: 7.91 out of 10",https://gidonline.io/title/roditeli-v-zakone/
С днем смерти,https://gidonline.io//img/dd1cfdc66_200x300.jpg,2020,"19 votes, average: 5.00 out of 10",https://gidonline.io/title/s-dnem-smerti/
Они сделали нас такими,https://gidonline.io//img/183fc7b9a_200x300.jpg,2022,"6 votes, average: 6.67 out of 10",https://gidonline.io/title/oni-sdelali-nas-takimi/
Шрамы Парижа,https://gidonline.io//img/f38af94d7_200x300.jpg,2022,"36 votes, average: 7.92 out of 10",https://gidonline.io/title/shramy-parizha/
Сериал: Ужас Долорес Роуч,https://gidonline.io//img/72abd737e_200x300.jpg,2023,"6 votes, average: 4.67 out of 10",https://gidonline.io/title/uzhas-dolores-rouch/
"Ты здесь, Бог? Это я, Маргарет",https://gidonline.io//img/833937bfb_200x300.jpg,2023,"28 votes, average: 8.64 out of 10",https://gidonline.io/title/ty-zdes-bog-eto-ya-margaret/
Любовники,https://gidonline.io//img/f9d51d46b_200x300.jpg,1958,"4 votes, average: 5.50 out of 10",https://gidonline.io/title/lyubovniki-4/
Под открытым небом,https://gidonline.io//img/cb58bc99d_200x300.jpg,2020,"11 votes, average: 6.73 out of 10",https://gidonline.io/title/pod-otkrytym-nebom/
Герои волшебного леса,https://gidonline.io//img/0eb92078f_200x300.jpg,2022,"5 votes, average: 4.60 out of 10",https://gidonline.io/title/geroi-volshebnogo-lesa/
"До свидания, дети",https://gidonline.io//img/8a28f77cb_200x300.jpg,1987,"5 votes, average: 5.40 out of 10",https://gidonline.io/title/do-svidaniya-deti/
Очень плохой папочка,https://gidonline.io//img/e3225c8f2_200x300.jpg,2021,"14 votes, average: 5.14 out of 10",https://gidonline.io/title/ochen-ploxoj-papochka/
Миссия «НЛО»,https://gidonline.io//img/327c46c19_200x300.jpg,2022,"51 votes, average: 7.71 out of 10",https://gidonline.io/title/missiya-nlo/
"Судзумэ, закрывающая двери",https://gidonline.io//img/d276efffa_200x300.jpg,2022,"24 votes, average: 7.63 out of 10",https://gidonline.io/title/sudzume-zakryvayushhaya-dveri/
Лакомб Люсьен,https://gidonline.io//img/56e170ec2_200x300.jpg,1974,"6 votes, average: 4.50 out of 10",https://gidonline.io/title/lakomb-lyusen/
Запрещено собакам и итальянцам,https://gidonline.io//img/b275ff2f2_200x300.jpg,2022,"10 votes, average: 4.30 out of 10",https://gidonline.io/title/zapreshheno-sobakam-i-italyancam/
Время расплаты,https://gidonline.io//img/8d257cd01_200x300.jpg,2023,"14 votes, average: 5.29 out of 10",https://gidonline.io/title/vremya-rasplaty/
Стоп-слово,https://gidonline.io//img/a626d8854_200x300.jpg,2022,"16 votes, average: 5.31 out of 10",https://gidonline.io/title/stop-slovo/
Невероятный Блинки Билл,https://gidonline.io//img/7e429baf8_200x300.jpg,2015,"8 votes, average: 3.50 out of 10",https://gidonline.io/title/neveroyatnyj-blinki-bill/
Реинкарнация. Новая глава,https://gidonline.io//img/ea47c8c35_200x300.jpg,2023,"24 votes, average: 5.63 out of 10",https://gidonline.io/title/reinkarnaciya-novaya-glava/
Поворот не туда. Дом зла,https://gidonline.io//img/fbc0afe33_200x300.jpg,2022,"28 votes, average: 6.07 out of 10",https://gidonline.io/title/povorot-ne-tuda-dom-zla/
